-- phpMyAdmin SQL Dump
-- version 5.2.0
-- https://www.phpmyadmin.net/
--
-- Host: 127.0.0.1
-- Waktu pembuatan: 29 Sep 2023 pada 08.25
-- Versi server: 10.4.24-MariaDB
-- Versi PHP: 7.4.29

SET SQL_MODE = "NO_AUTO_VALUE_ON_ZERO";
START TRANSACTION;
SET time_zone = "+00:00";


/*!40101 SET @OLD_CHARACTER_SET_CLIENT=@@CHARACTER_SET_CLIENT */;
/*!40101 SET @OLD_CHARACTER_SET_RESULTS=@@CHARACTER_SET_RESULTS */;
/*!40101 SET @OLD_COLLATION_CONNECTION=@@COLLATION_CONNECTION */;
/*!40101 SET NAMES utf8mb4 */;

--
-- Database: `db_cbt`
--

-- --------------------------------------------------------

--
-- Struktur dari tabel `tb_admin`
--

CREATE TABLE `tb_admin` (
  `id_admin` int(11) NOT NULL,
  `Nama_lengkap` varchar(50) NOT NULL,
  `username` int(50) NOT NULL,
  `password` int(100) NOT NULL
) ENGINE=InnoDB DEFAULT CHARSET=utf8mb4;

-- --------------------------------------------------------

--
-- Struktur dari tabel `tb_guru`
--

CREATE TABLE `tb_guru` (
  `id_guru` int(11) NOT NULL,
  `nip` varchar(15) NOT NULL,
  `nama_guru` varchar(120) NOT NULL,
  `email` varchar(65) NOT NULL,
  `password` varchar(100) NOT NULL,
  `foto` varchar(255) NOT NULL,
  `status` varchar(5) NOT NULL
) ENGINE=InnoDB DEFAULT CHARSET=latin1;

--
-- Dumping data untuk tabel `tb_guru`
--

INSERT INTO `tb_guru` (`id_guru`, `nip`, `nama_guru`, `email`, `password`, `foto`, `status`) VALUES
(5, '001', 'atjep Rahmat S.Pd', 'fatmawati@gmail.com', 'e193a01ecf8d30ad0affefd332ce934e32ffce72', 'guru.png', 'Y'),
(6, '002', 'Rahayu S.Pd', 'rahayu@gmail.com', '6fc978af728d43c59faa400d5f6e0471ac850d4c', '17603.png', 'Y'),
(7, '003', 'Jaka Subadri S.Pd', 'jakasubadri@gmail.com', '221407c03ae5c73109cce71d27e24637824f3333', '355-3553881_stockvader-predicted-adig-user-profile-icon-png-clipart.jpg', 'Y'),
(8, '004', 'Tiwi Sukmawati S.Pd', 'tiwisukmawati@gmail.com', 'c63528a52274a35d1c07bd9e55a83c6eb073de81', '17603.png', 'Y');

-- --------------------------------------------------------

--
-- Struktur dari tabel `tb_mkelas`
--

CREATE TABLE `tb_mkelas` (
  `id_mkelas` int(11) NOT NULL,
  `kd_kelas` varchar(40) NOT NULL,
  `nama_kelas` varchar(40) NOT NULL
) ENGINE=InnoDB DEFAULT CHARSET=latin1;

--
-- Dumping data untuk tabel `tb_mkelas`
--

INSERT INTO `tb_mkelas` (`id_mkelas`, `kd_kelas`, `nama_kelas`) VALUES
(5, 'KL-1616673105', 'VII'),
(6, 'KL-1616673114', 'VIII'),
(7, 'KL-1616673120', 'XI');

-- --------------------------------------------------------

--
-- Struktur dari tabel `tb_siswa`
--

CREATE TABLE `tb_siswa` (
  `id_siswa` int(11) NOT NULL,
  `nis` varchar(60) NOT NULL,
  `nama_siswa` varchar(120) NOT NULL,
  `tempat_lahir` varchar(100) NOT NULL,
  `tgl_lahir` date NOT NULL,
  `jk` varchar(30) NOT NULL,
  `alamat` text NOT NULL,
  `password` varchar(255) NOT NULL,
  `foto` varchar(255) NOT NULL,
  `status` varchar(15) NOT NULL,
  `th_angkatan` year(4) NOT NULL,
  `id_mkelas` int(11) NOT NULL
) ENGINE=InnoDB DEFAULT CHARSET=latin1;

--
-- Dumping data untuk tabel `tb_siswa`
--

INSERT INTO `tb_siswa` (`id_siswa`, `nis`, `nama_siswa`, `tempat_lahir`, `tgl_lahir`, `jk`, `alamat`, `password`, `foto`, `status`, `th_angkatan`, `id_mkelas`) VALUES
(1, '001', 'Imam Hambali', 'Jakarta', '2020-03-01', 'L', 'Jl. Mawar', 'e193a01ecf8d30ad0affefd332ce934e32ffce72', '355-3553881_stockvader-predicted-adig-user-profile-icon-png-clipart.jpg', '1', 2020, 1),
(2, '002', 'Agis Sagita', 'bogor', '2012-06-02', 'P', 'jl. batok tenjo-bogor', '6fc978af728d43c59faa400d5f6e0471ac850d4c', '17603.png', '1', 2019, 3),
(3, '004', 'indah nuraeni', 'bogor', '2009-07-01', 'L', 'bogor', 'c63528a52274a35d1c07bd9e55a83c6eb073de81', '17603.png', '1', 2019, 1),
(4, '12345', 'Suci', 'TANGERANG', '2002-09-21', 'P', 'Kademangan', '8cb2237d0679ca88db6464eac60da96345513964', 'IMG_20180830_164642_853.jpg', '1', 2019, 1);

-- --------------------------------------------------------

--
-- Struktur dari tabel `tb_walikelas`
--

CREATE TABLE `tb_walikelas` (
  `id_walikelas` int(11) NOT NULL,
  `id_guru` int(11) NOT NULL,
  `id_mkelas` int(11) NOT NULL
) ENGINE=InnoDB DEFAULT CHARSET=latin1;

--
-- Dumping data untuk tabel `tb_walikelas`
--

INSERT INTO `tb_walikelas` (`id_walikelas`, `id_guru`, `id_mkelas`) VALUES
(1, 2, 1),
(2, 1, 2),
(3, 5, 3),
(4, 6, 1),
(5, 8, 2);

-- --------------------------------------------------------

--
-- Struktur dari tabel `_logabsensi`
--

CREATE TABLE `_logabsensi` (
  `id_presensi` int(11) NOT NULL,
  `id_mengajar` int(11) NOT NULL,
  `id_siswa` int(11) NOT NULL,
  `tgl_absen` date NOT NULL,
  `ket` enum('H','I','S','T','A','C') NOT NULL,
  `pertemuan_ke` varchar(30) NOT NULL
) ENGINE=InnoDB DEFAULT CHARSET=latin1;

--
-- Dumping data untuk tabel `_logabsensi`
--

INSERT INTO `_logabsensi` (`id_presensi`, `id_mengajar`, `id_siswa`, `tgl_absen`, `ket`, `pertemuan_ke`) VALUES
(1, 2, 1, '2021-03-02', '', '1'),
(2, 4, 2, '2021-03-06', 'I', '1'),
(3, 2, 1, '2021-03-21', 'H', '2'),
(4, 2, 3, '2021-03-21', 'H', '3'),
(5, 5, 1, '2021-03-21', 'H', '1'),
(6, 5, 3, '2021-03-21', 'H', '1'),
(7, 2, 1, '2021-03-23', 'H', '4'),
(8, 2, 3, '2021-03-23', 'I', '4'),
(9, 6, 1, '2021-03-23', 'H', '1'),
(10, 6, 3, '2021-03-23', 'H', '1'),
(11, 6, 4, '2021-03-23', 'H', '1'),
(12, 6, 1, '2021-03-25', 'I', '2'),
(13, 6, 3, '2021-03-25', 'I', '2'),
(14, 6, 4, '2021-03-25', 'I', '2');

--
-- Indexes for dumped tables
--

--
-- Indeks untuk tabel `tb_guru`
--
ALTER TABLE `tb_guru`
  ADD PRIMARY KEY (`id_guru`);

--
-- Indeks untuk tabel `tb_mkelas`
--
ALTER TABLE `tb_mkelas`
  ADD PRIMARY KEY (`id_mkelas`);

--
-- Indeks untuk tabel `tb_siswa`
--
ALTER TABLE `tb_siswa`
  ADD PRIMARY KEY (`id_siswa`);

--
-- Indeks untuk tabel `tb_walikelas`
--
ALTER TABLE `tb_walikelas`
  ADD PRIMARY KEY (`id_walikelas`),
  ADD KEY `id_guru` (`id_guru`);

--
-- Indeks untuk tabel `_logabsensi`
--
ALTER TABLE `_logabsensi`
  ADD PRIMARY KEY (`id_presensi`);

--
-- AUTO_INCREMENT untuk tabel yang dibuang
--

--
-- AUTO_INCREMENT untuk tabel `tb_guru`
--
ALTER TABLE `tb_guru`
  MODIFY `id_guru` int(11) NOT NULL AUTO_INCREMENT, AUTO_INCREMENT=9;

--
-- AUTO_INCREMENT untuk tabel `tb_mkelas`
--
ALTER TABLE `tb_mkelas`
  MODIFY `id_mkelas` int(11) NOT NULL AUTO_INCREMENT, AUTO_INCREMENT=8;

--
-- AUTO_INCREMENT untuk tabel `tb_siswa`
--
ALTER TABLE `tb_siswa`
  MODIFY `id_siswa` int(11) NOT NULL AUTO_INCREMENT, AUTO_INCREMENT=5;

--
-- AUTO_INCREMENT untuk tabel `tb_walikelas`
--
ALTER TABLE `tb_walikelas`
  MODIFY `id_walikelas` int(11) NOT NULL AUTO_INCREMENT, AUTO_INCREMENT=6;

--
-- AUTO_INCREMENT untuk tabel `_logabsensi`
--
ALTER TABLE `_logabsensi`
  MODIFY `id_presensi` int(11) NOT NULL AUTO_INCREMENT, AUTO_INCREMENT=15;
COMMIT;

/*!40101 SET CHARACTER_SET_CLIENT=@OLD_CHARACTER_SET_CLIENT */;
/*!40101 SET CHARACTER_SET_RESULTS=@OLD_CHARACTER_SET_RESULTS */;
/*!40101 SET COLLATION_CONNECTION=@OLD_COLLATION_CONNECTION */;
